cohort,mob,n,累计坏账率
2016Q1,1,96120,0.0
2016Q1,2,96120,0.0
2016Q1,3,96120,0.001165210153974199
2016Q1,4,96120,0.002278401997503121
2016Q1,5,96120,0.004483978360382855
2016Q1,6,96120,0.007553058676654182
2016Q1,7,96120,0.012057844361215148
2016Q1,8,96120,0.01708281315022888
2016Q1,9,96120,0.02291926758218893
2016Q1,10,96120,0.029099042863087808
2016Q1,11,96120,0.03531002913025385
2016Q1,12,96120,0.041604244694132334
2016Q1,13,96120,0.04760715771951727
2016Q1,14,96120,0.05347482313774449
2016Q1,15,96120,0.0596233874323762
2016Q1,16,96120,0.06580316271327508
2016Q1,17,96120,0.07215980024968789
2016Q1,18,96120,0.0780274656679151
2016Q1,19,96120,0.08439450686641697
2016Q1,20,96120,0.09067831876820641
2016Q1,21,96120,0.0960153974198918
2016Q1,22,96120,0.10123803578859758
2016Q1,23,96120,0.10596129837702871
2016Q1,24,96120,0.11027881814398668
2016Q1,25,96120,0.11464835622138993
2016Q1,26,96120,0.11826883062838119
2016Q1,27,96120,0.12195172700790678
2016Q1,28,96120,0.12562421972534332
2016Q1,29,96120,0.12913025384935498
2016Q1,30,96120,0.13216812317935914
2016Q2,1,74537,0.0
2016Q2,2,74537,0.0
2016Q2,3,74537,0.0012611186390651622
2016Q2,4,74537,0.002911305794437662
2016Q2,5,74537,0.005862860056079531
2016Q2,6,74537,0.009874290620765527
2016Q2,7,74537,0.014784603619678817
2016Q2,8,74537,0.020312059782389955
2016Q2,9,74537,0.02574560285495794
2016Q2,10,74537,0.03184995371426271
2016Q2,11,74537,0.037618900680199095
2016Q2,12,74537,0.0442598977688933
2016Q2,13,74537,0.050256919382320187
2016Q2,14,74537,0.0574613950118733
2016Q2,15,74537,0.06426338596938433
2016Q2,16,74537,0.07115929001703852
2016Q2,17,74537,0.07832351717938742
2016Q2,18,74537,0.08495109811234688
2016Q2,19,74537,0.09133718824208112
2016Q2,20,74537,0.09777694299475428
2016Q2,21,74537,0.10338489609187383
2016Q2,22,74537,0.10845620295960395
2016Q2,23,74537,0.11273595663898467
2016Q2,24,74537,0.11737794652320324
2016Q2,25,74537,0.12110763781745978
2016Q2,26,74537,0.12475683217730792
2016Q2,27,74537,0.12832552960274762
2016Q2,28,74537,0.13233696016743363
2016Q2,29,74537,0.13586540912566913
2016Q2,30,74537,0.13955485195272146
2016Q3,1,73898,0.0
2016Q3,2,73898,0.0
2016Q3,3,73898,0.0014073452596822648
2016Q3,4,73898,0.0030988660044926793
2016Q3,5,73898,0.006103006847275975
2016Q3,6,73898,0.009986738477360686
2016Q3,7,73898,0.014479417575577146
2016Q3,8,73898,0.019310400822755692
2016Q3,9,73898,0.025426939835990148
2016Q3,10,73898,0.03135402852580584
2016Q3,11,73898,0.0383636904923002
2016Q3,12,73898,0.04514330563750034
2016Q3,13,73898,0.05192292078270048
2016Q3,14,73898,0.05978510920457929
2016Q3,15,73898,0.06725486481366208
2016Q3,16,73898,0.0743727841078243
2016Q3,17,73898,0.08116593141898293
2016Q3,18,73898,0.08728247043221737
2016Q3,19,73898,0.09353433110503667
2016Q3,20,73898,0.09906898698205635
2016Q3,21,73898,0.10444125686757422
2016Q3,22,73898,0.10910985412325097
2016Q3,23,73898,0.11394083737042951
2016Q3,24,73898,0.11810874448564238
2016Q3,25,73898,0.12253376275406641
2016Q3,26,73898,0.1268640558607811
2016Q3,27,73898,0.1309913664781185
2016Q3,28,73898,0.13540285258058404
2016Q3,29,73898,0.13894828006170667
2016Q3,30,73898,0.14275081869604048
2016Q4,1,78940,0.0
2016Q4,2,78940,0.0
2016Q4,3,78940,0.0012161135039270331
2016Q4,4,78940,0.0027362553838358246
2016Q4,5,78940,0.00537116797567773
2016Q4,6,78940,0.008626805168482393
2016Q4,7,78940,0.012021788700278693
2016Q4,8,78940,0.017329617430960224
2016Q4,9,78940,0.02318216366860907
2016Q4,10,78940,0.029186724094248797
2016Q4,11,78940,0.036432733721814034
2016Q4,12,78940,0.042766658221434
2016Q4,13,78940,0.04920192551304788
2016Q4,14,78940,0.056029896123638206
2016Q4,15,78940,0.06227514568026349
2016Q4,16,78940,0.06839371674689637
2016Q4,17,78940,0.07358753483658474
2016Q4,18,78940,0.0791233848492526
2016Q4,19,78940,0.08364580694198125
2016Q4,20,78940,0.08877628578667342
2016Q4,21,78940,0.09338738282239675
2016Q4,22,78940,0.09802381555611857
2016Q4,23,78940,0.10315429440081074
2016Q4,24,78940,0.10765138079554092
2016Q4,25,78940,0.11207246009627565
2016Q4,26,78940,0.11599949328604003
2016Q4,27,78940,0.12026855839878389
2016Q4,28,78940,
2016Q4,29,78940,
2016Q4,30,78940,
2017Q1,1,72410,0.0
2017Q1,2,72410,0.0
2017Q1,3,72410,0.0012429222483082447
2017Q1,4,72410,0.0024029830133959398
2017Q1,5,72410,0.00461262256594393
2017Q1,6,72410,0.0077061179395111175
2017Q1,7,72410,0.01171108962850435
2017Q1,8,72410,0.016365142936058556
2017Q1,9,72410,0.021778759839801133
2017Q1,10,72410,0.027537632923629332
2017Q1,11,72410,0.03292362933296506
2017Q1,12,72410,0.038268195000690515
2017Q1,13,72410,0.044040878331722134
2017Q1,14,72410,0.049592597707498964
2017Q1,15,72410,0.05536528103853059
2017Q1,16,72410,0.06075127744786632
2017Q1,17,72410,0.06631680707084657
2017Q1,18,72410,0.07166137273857202
2017Q1,19,72410,0.07761358928324817
2017Q1,20,72410,0.0829443447037702
2017Q1,21,72410,0.087487916033697
2017Q1,22,72410,0.09183814390277587
2017Q1,23,72410,0.09585692583897251
2017Q1,24,72410,0.10045573815771303
2017Q1,25,72410,
2017Q1,26,72410,
2017Q1,27,72410,
2017Q1,28,72410,
2017Q1,29,72410,
2017Q1,30,72410,
2017Q2,1,77105,0.0
2017Q2,2,77105,0.0
2017Q2,3,77105,0.001232086116334868
2017Q2,4,77105,0.002905129369042215
2017Q2,5,77105,0.005991829323649569
2017Q2,6,77105,0.010116075481486285
2017Q2,7,77105,0.015407561117956034
2017Q2,8,77105,0.020750924064587253
2017Q2,9,77105,0.026327734906945077
2017Q2,10,77105,0.032060177679787305
2017Q2,11,77105,0.03680695155956164
2017Q2,12,77105,0.04174826535244148
2017Q2,13,77105,0.047299137539718566
2017Q2,14,77105,0.053550353414175474
2017Q2,15,77105,0.05951624408274431
2017Q2,16,77105,0.06575449062966085
2017Q2,17,77105,0.07234290902016731
2017Q2,18,77105,0.07828286103365541
2017Q2,19,77105,0.0839115491861747
2017Q2,20,77105,0.08898255625445821
2017Q2,21,77105,0.09383308475455547
2017Q2,22,77105,
2017Q2,23,77105,
2017Q2,24,77105,
2017Q2,25,77105,
2017Q2,26,77105,
2017Q2,27,77105,
2017Q2,28,77105,
2017Q2,29,77105,
2017Q2,30,77105,
2017Q3,1,88227,0.0
2017Q3,2,88227,0.0
2017Q3,3,88227,0.0015868158273544379
2017Q3,4,88227,0.0034343228263456764
2017Q3,5,88227,0.00635859770818457
2017Q3,6,88227,0.00969091094562889
2017Q3,7,88227,0.013646616115248167
2017Q3,8,88227,0.01827105081210967
2017Q3,9,88227,0.023246851870742515
2017Q3,10,88227,0.028370000113343986
2017Q3,11,88227,0.03427522187085586
2017Q3,12,88227,0.04044113480000453
2017Q3,13,88227,0.0461423373797137
2017Q3,14,88227,0.05301098303240505
2017Q3,15,88227,0.05974361589989459
2017Q3,16,88227,0.06610221360807916
2017Q3,17,88227,0.0718600881816224
2017Q3,18,88227,0.07739127477982931
2017Q3,19,88227,
2017Q3,20,88227,
2017Q3,21,88227,
2017Q3,22,88227,
2017Q3,23,88227,
2017Q3,24,88227,
2017Q3,25,88227,
2017Q3,26,88227,
2017Q3,27,88227,
2017Q3,28,88227,
2017Q3,29,88227,
2017Q3,30,88227,
2017Q4,1,82677,0.0
2017Q4,2,82677,0.0
2017Q4,3,82677,0.0014998125234345708
2017Q4,4,82677,0.0033503876531562585
2017Q4,5,82677,0.005914583257737944
2017Q4,6,82677,0.009446399845180642
2017Q4,7,82677,0.013123359580052493
2017Q4,8,82677,0.01778003556007112
2017Q4,9,82677,0.02231575891723212
2017Q4,10,82677,0.02712967330696566
2017Q4,11,82677,0.032451588712701235
2017Q4,12,82677,0.0381968382984385
2017Q4,13,82677,0.04428075522817712
2017Q4,14,82677,0.05002600481391439
2017Q4,15,82677,0.05545677758022183
2017Q4,16,82677,
2017Q4,17,82677,
2017Q4,18,82677,
2017Q4,19,82677,
2017Q4,20,82677,
2017Q4,21,82677,
2017Q4,22,82677,
2017Q4,23,82677,
2017Q4,24,82677,
2017Q4,25,82677,
2017Q4,26,82677,
2017Q4,27,82677,
2017Q4,28,82677,
2017Q4,29,82677,
2017Q4,30,82677,
2018Q1,1,75412,0.0
2018Q1,2,75412,0.0
2018Q1,3,75412,0.0012199649923089163
2018Q1,4,75412,0.002837744656022914
2018Q1,5,75412,0.005304195618734419
2018Q1,6,75412,0.008367368588553546
2018Q1,7,75412,0.012133347477854984
2018Q1,8,75412,0.016854081578528617
2018Q1,9,75412,0.021747202036811117
2018Q1,10,75412,0.026825969341749325
2018Q1,11,75412,0.031559963931469794
2018Q1,12,75412,0.036758075637829526
2018Q1,13,75412,
2018Q1,14,75412,
2018Q1,15,75412,
2018Q1,16,75412,
2018Q1,17,75412,
2018Q1,18,75412,
2018Q1,19,75412,
2018Q1,20,75412,
2018Q1,21,75412,
2018Q1,22,75412,
2018Q1,23,75412,
2018Q1,24,75412,
2018Q1,25,75412,
2018Q1,26,75412,
2018Q1,27,75412,
2018Q1,28,75412,
2018Q1,29,75412,
2018Q1,30,75412,
2018Q2,1,91506,0.0
2018Q2,2,91506,0.0
2018Q2,3,91506,0.0013769588879417743
2018Q2,4,91506,0.0027867025113107336
2018Q2,5,91506,0.005638974493475838
2018Q2,6,91506,0.009278080125893384
2018Q2,7,91506,0.01415207745940157
2018Q2,8,91506,0.01905885952833694
2018Q2,9,91506,0.02414049351955063
2018Q2,10,91506,
2018Q2,11,91506,
2018Q2,12,91506,
2018Q2,13,91506,
2018Q2,14,91506,
2018Q2,15,91506,
2018Q2,16,91506,
2018Q2,17,91506,
2018Q2,18,91506,
2018Q2,19,91506,
2018Q2,20,91506,
2018Q2,21,91506,
2018Q2,22,91506,
2018Q2,23,91506,
2018Q2,24,91506,
2018Q2,25,91506,
2018Q2,26,91506,
2018Q2,27,91506,
2018Q2,28,91506,
2018Q2,29,91506,
2018Q2,30,91506,
2018Q3,1,89574,0.0
2018Q3,2,89574,0.0
2018Q3,3,89574,0.0010940674749369236
2018Q3,4,89574,0.002712840779690535
2018Q3,5,89574,0.005381025744077523
2018Q3,6,89574,0.008707883984191842
2018Q3,7,89574,
2018Q3,8,89574,
2018Q3,9,89574,
2018Q3,10,89574,
2018Q3,11,89574,
2018Q3,12,89574,
2018Q3,13,89574,
2018Q3,14,89574,
2018Q3,15,89574,
2018Q3,16,89574,
2018Q3,17,89574,
2018Q3,18,89574,
2018Q3,19,89574,
2018Q3,20,89574,
2018Q3,21,89574,
2018Q3,22,89574,
2018Q3,23,89574,
2018Q3,24,89574,
2018Q3,25,89574,
2018Q3,26,89574,
2018Q3,27,89574,
2018Q3,28,89574,
2018Q3,29,89574,
2018Q3,30,89574,
2018Q4,1,88179,0.0
2018Q4,2,88179,0.0
2018Q4,3,88179,0.0015309767631749055
2018Q4,4,88179,
2018Q4,5,88179,
2018Q4,6,88179,
2018Q4,7,88179,
2018Q4,8,88179,
2018Q4,9,88179,
2018Q4,10,88179,
2018Q4,11,88179,
2018Q4,12,88179,
2018Q4,13,88179,
2018Q4,14,88179,
2018Q4,15,88179,
2018Q4,16,88179,
2018Q4,17,88179,
2018Q4,18,88179,
2018Q4,19,88179,
2018Q4,20,88179,
2018Q4,21,88179,
2018Q4,22,88179,
2018Q4,23,88179,
2018Q4,24,88179,
2018Q4,25,88179,
2018Q4,26,88179,
2018Q4,27,88179,
2018Q4,28,88179,
2018Q4,29,88179,
2018Q4,30,88179,
