bin,total,bad,good,bad_rate,woe,iv_part,var,share,iv,monotonic,类型
0,60890,4568,56322,0.07502052882246674,-0.10948744599269447,0.002908578365480098,loan_amnt,0.25395488119716225,0.007119352007585202,True,数值
1,124318,10414,113904,0.0837690439035377,0.010317370615695846,5.5430832532359224e-05,loan_amnt,0.5184950389336314,0.007119352007585202,True,数值
2,36809,3108,33701,0.08443587166182184,0.018974226233338783,5.570955644782261e-05,loan_amnt,0.15351987554584243,0.007119352007585202,True,数值
3,17750,1806,15944,0.10174647887323944,0.2245541763208063,0.004099633253124922,loan_amnt,0.07403020432336394,0.007119352007585202,True,数值
0,20492,2254,18238,0.10999414405621706,0.31172139034261687,0.009457772018325424,annual_inc,0.08546630687292246,0.03172650037599437,True,数值
1,18584,1895,16689,0.10196943607404219,0.22699132300962993,0.004390392945295268,annual_inc,0.07750858124762791,0.03172650037599437,True,数值
2,32980,3036,29944,0.09205579138872044,0.11373419316776177,0.0018657570043249605,annual_inc,0.13755020499067844,0.03172650037599437,True,数值
3,54443,4662,49781,0.08563084326727036,0.034333459723483395,0.0002715235786645697,annual_inc,0.22706627684376915,0.03172650037599437,True,数值
4,69386,5243,64143,0.07556279364713343,-0.10169880802905118,0.002868907638858942,annual_inc,0.2893892820947003,0.03172650037599437,True,数值
5,43882,2806,41076,0.06394421402853107,-0.2811417234192732,0.012872147190525205,annual_inc,0.18301934795030175,0.03172650037599437,True,数值
-1,33,1,32,0.030303030303030304,-1.0632135985632203,0.00010130142415770395,dti,0.000137633619305409,0.0646353633885418,True,数值
0,91763,5913,85850,0.06443773634253458,-0.2729259662682854,0.025453295563422313,dti,0.38271738813097717,0.0646353633885418,True,数值
1,65461,5116,60345,0.0781534043170743,-0.06518290611675882,0.001128920533083789,dti,0.2730192228288297,0.0646353633885418,True,数值
2,23191,2158,21033,0.0930533396576258,0.1256115381795089,0.0016082516895875585,dti,0.0967230686458103,0.0646353633885418,True,数值
3,26902,2790,24112,0.103709761356033,0.2458542581856406,0.007514508022564738,dti,0.11220059474406403,0.0646353633885418,True,数值
4,20190,2332,17858,0.11550272412085191,0.36679698562972735,0.013200707117753467,dti,0.08420675072049115,0.0646353633885418,True,数值
5,12227,1586,10641,0.12971293039993456,0.499022962989568,0.01562837903797223,dti,0.0509953413105223,0.0646353633885418,True,数值
0,188182,15471,172711,0.08221296404544537,-0.010130069418317322,8.020086093541436e-05,delinq_2yrs,0.7848536287312265,0.0008271965826995747,True,数值
1,33597,2793,30804,0.08313242253772658,0.0019940395225421653,5.576218193507287e-07,delinq_2yrs,0.14012353660011595,0.0008271965826995747,True,数值
2,17988,1632,16356,0.09072715143428953,0.09773375827602547,0.0007464380999448096,delinq_2yrs,0.07502283466865749,0.0008271965826995747,True,数值
0,85715,9179,76536,0.10708744093799219,0.2816793520975938,0.03190131208197557,fico_range_low,0.35749289935645856,0.10507727825640513,True,数值
1,49808,4468,45340,0.08970446514616126,0.08527354036407754,0.0015652749762680202,fico_range_low,0.20773500940496398,0.10507727825640513,True,数值
2,37617,2807,34810,0.07462051731929713,-0.11526610020709592,0.0019867807910565745,fico_range_low,0.15688981386095668,0.10507727825640513,True,数值
3,26642,1645,24997,0.06174461376773516,-0.31849312921378337,0.009876298336427936,fico_range_low,0.11111620865256687,0.10507727825640513,True,数值
4,21794,1147,20647,0.05262916399008902,-0.4878978880190026,0.01768887632915081,fico_range_low,0.09089657876188133,0.10507727825640513,True,数值
5,18191,650,17541,0.035731955362541916,-0.8928016097175913,0.042058735741526215,fico_range_low,0.07586948996317258,0.10507727825640513,True,数值
0,85715,9179,76536,0.10708744093799219,0.2816793520975938,0.03190131208197557,fico_range_high,0.35749289935645856,0.10507727825640513,True,数值
1,49808,4468,45340,0.08970446514616126,0.08527354036407754,0.0015652749762680202,fico_range_high,0.20773500940496398,0.10507727825640513,True,数值
2,37617,2807,34810,0.07462051731929713,-0.11526610020709592,0.0019867807910565745,fico_range_high,0.15688981386095668,0.10507727825640513,True,数值
3,26642,1645,24997,0.06174461376773516,-0.31849312921378337,0.009876298336427936,fico_range_high,0.11111620865256687,0.10507727825640513,True,数值
4,21794,1147,20647,0.05262916399008902,-0.4878978880190026,0.01768887632915081,fico_range_high,0.09089657876188133,0.10507727825640513,True,数值
5,18191,650,17541,0.035731955362541916,-0.8928016097175913,0.042058735741526215,fico_range_high,0.07586948996317258,0.10507727825640513,True,数值
0,147754,10373,137381,0.07020452914980305,-0.1810295071529703,0.018730107210571754,inq_last_6mths,0.616239932934891,0.05377013956273684,True,数值
1,62482,5850,56632,0.09362696456579495,0.13238976900838323,0.004826896491231248,inq_last_6mths,0.2605946606497141,0.05377013956273684,True,数值
2,29531,3673,25858,0.12437777251024347,0.45091104024167483,0.030213135860933833,inq_last_6mths,0.12316540641539495,0.05377013956273684,True,数值
-1,112367,9192,103175,0.08180337643614229,-0.015570730855684898,0.0001128879970826201,mths_since_last_delinq,0.4686508151663907,0.0007243061353310481,True,数值
0,13895,1242,12653,0.08938467074487226,0.0813509465406667,0.00039676710670711007,mths_since_last_delinq,0.05795209515905025,0.0007243061353310481,True,数值
1,63947,5414,58533,0.08466386226093484,0.0219197976727441,0.00012932260147548532,mths_since_last_delinq,0.26670475920372694,0.0007243061353310481,True,数值
2,34085,2803,31282,0.08223558750183366,-0.00983027583289239,1.3681228601116123e-05,mths_since_last_delinq,0.1421588458795414,0.0007243061353310481,True,数值
3,15473,1245,14228,0.08046274154979642,-0.03355401993303164,7.164720146471648e-05,mths_since_last_delinq,0.06453348459129071,0.0007243061353310481,True,数值
-1,193288,15418,177870,0.07976697984354952,-0.04299498411380954,0.0014637521545473892,mths_since_last_record,0.8061493032819362,0.008836201438500352,True,数值
0,31840,2891,28949,0.09079773869346734,0.09858910616264538,0.0013449548241661142,mths_since_last_record,0.13279558905103706,0.008836201438500352,True,数值
1,14639,1587,13052,0.10840904433362934,0.29542636704970415,0.006027494459786849,mths_since_last_record,0.06105510766702674,0.008836201438500352,True,数值
0,23701,1772,21929,0.07476477785747437,-0.11317880533550369,0.001207915046864169,open_acc,0.09885013367143936,0.0026503726832082966,True,数值
1,75471,6047,69424,0.08012349114229307,-0.03814804352841279,0.0004508466131239716,open_acc,0.3147680873514704,0.0026503726832082966,True,数值
2,81260,6896,74364,0.08486340142751661,0.024491883829927258,0.00020538483423777494,open_acc,0.33891236075022835,0.0026503726832082966,True,数值
3,37780,3295,34485,0.08721545791424033,0.0544040253077221,0.00047708041528215963,open_acc,0.15756964052601066,0.0026503726832082966,True,数值
4,21555,1886,19669,0.08749710044073301,0.05793669618001641,0.00030914577370022166,open_acc,0.08989977770085124,0.0026503726832082966,True,数值
0,193288,15418,177870,0.07976697984354952,-0.04299498411380954,0.0014637521545473892,pub_rec,0.8061493032819362,0.0070472697456040465,True,数值
1,46479,4478,42001,0.09634458572688741,0.16400539488933363,0.005583517591056657,pub_rec,0.1938506967180638,0.0070472697456040465,True,数值
0,23954,2282,21672,0.09526592635885447,0.15155345089359593,0.0024444866062783457,revol_bal,0.09990532475278083,0.00918763621761063,True,数值
1,28339,2483,25856,0.08761777056353436,0.05944712842385081,0.00042818147770669974,revol_bal,0.11819391325745411,0.00918763621761063,True,数值
2,48703,4117,44586,0.08453278032154077,0.020227138620886407,8.381063526566184e-05,revol_bal,0.20312636851610105,0.00918763621761063,True,数值
3,115635,9516,106119,0.08229342327150084,-0.009064209253538338,3.947464761292102e-05,revol_bal,0.4822807141933627,0.00918763621761063,True,数值
4,23136,1498,21638,0.06474757952973721,-0.26779783893384795,0.006191682850747001,revol_bal,0.0964936792803013,0.00918763621761063,True,数值
-1,156,15,141,0.09615384615384616,0.16181261496054783,1.822580738533969e-05,revol_util,0.0006506316548982971,0.010711553733087825,True,数值
0,58736,4176,54560,0.07109779351675292,-0.16742485871836293,0.0064046819362235385,revol_util,0.2449711595006819,0.010711553733087825,True,数值
1,35538,2802,32736,0.07884517980752997,-0.05561963761789464,0.0004480147345520304,revol_util,0.14821889584471593,0.010711553733087825,True,数值
2,132153,11643,120510,0.08810242673265078,0.06549470825208456,0.002429781231855672,revol_util,0.5511725967293247,0.010711553733087825,True,数值
3,13184,1260,11924,0.09557038834951456,0.15508084938406763,0.0014108500230712452,revol_util,0.05498671627037916,0.010711553733087825,True,数值
0,13829,1116,12713,0.08069997830645745,-0.03035192377236007,5.246605072084868e-05,total_acc,0.057676827920439426,0.00020142468420668563,True,数值
1,212124,17580,194544,0.08287605362900945,-0.0013741620605253082,1.6696576662020157e-06,total_acc,0.8847089048951691,0.00020142468420668563,True,数值
2,13814,1200,12614,0.0868683943825105,0.05003655278900123,0.00014728897581963492,total_acc,0.05761426718439151,0.00020142468420668563,True,数值
-1,169483,13560,155923,0.0800080244036275,-0.03971570890167486,0.0010966581085304174,mths_since_last_major_derog,0.706865415173898,0.0036011223660921666,True,数值
0,12734,1148,11586,0.090152348044605,0.09074612945944838,0.0004542302670436477,mths_since_last_major_derog,0.05310989418894176,0.0036011223660921666,True,数值
1,57550,5188,52362,0.09014769765421372,0.0906894332814744,0.0020502339905181014,mths_since_last_major_derog,0.24002469063716025,0.0036011223660921666,True,数值
0,196738,16004,180734,0.08134676574937226,-0.021665341833922935,0.00038168661013746383,tot_coll_amt,0.8205382725729562,0.0020489619897028004,True,数值
1,27103,2443,24660,0.09013762314134967,0.09056659877591125,0.0009628883662491897,tot_coll_amt,0.11303890860710607,0.0020489619897028004,True,数值
2,15926,1449,14477,0.09098329775210348,0.10083478440314494,0.0007043870133161469,tot_coll_amt,0.0664228188199377,0.0020489619897028004,True,数值
0,115278,10861,104417,0.09421572199378893,0.13930819809304484,0.009889130788606471,tot_cur_bal,0.4807917686754224,0.033296871659751696,True,数值
1,24062,2207,21855,0.09172138641841908,0.10972670319582761,0.0012648884293458556,tot_cur_bal,0.1003557620523258,0.033296871659751696,True,数值
2,19224,1535,17689,0.07984810653349979,-0.041890292185703934,0.00013826030217848625,tot_cur_bal,0.08017783931900553,0.033296871659751696,True,数值
3,32562,2285,30277,0.07017382224679074,-0.18150001978106647,0.004148412751563224,tot_cur_bal,0.13580684581280994,0.033296871659751696,True,数值
4,48641,3008,45633,0.061840833864435354,-0.31683342867361614,0.01785617938805766,tot_cur_bal,0.20286778414043635,0.033296871659751696,True,数值
-1,32,4,28,0.125,0.4566121551811929,3.365141955825095e-05,open_acc_6m,0.00013346290356888146,0.05027462618161144,True,数值
0,102211,6900,95311,0.06750741113970121,-0.22310151313325405,0.019339023917483805,open_acc_6m,0.42629302614621695,0.05027462618161144,True,数值
1,75689,6261,69428,0.08272007821480004,-0.003428023358955553,3.7043334659443333e-06,open_acc_6m,0.31567730338203337,0.05027462618161144,True,数值
2,37354,3697,33657,0.09897199764416127,0.19382292596006365,0.006345786351530165,open_acc_6m,0.15579291562224992,0.05027462618161144,True,数值
3,24481,3034,21447,0.12393284588047875,0.4468194097100221,0.024552460159573273,open_acc_6m,0.10210329194593085,0.05027462618161144,True,数值
-1,32,4,28,0.125,0.4566121551811929,3.365141955825095e-05,open_act_il,0.00013346290356888146,0.00577543463479023,True,数值
0,29212,2104,27108,0.07202519512529097,-0.15346628816189703,0.0026918869976454087,open_act_il,0.12183494809544265,0.00577543463479023,True,数值
1,63740,4995,58745,0.07836523376215877,-0.062246326682512725,0.001003653734276447,open_act_il,0.26584142104626574,0.00577543463479023,True,数值
2,57429,4893,52536,0.08520085671002456,0.02882926765482113,0.0002014797984015748,open_act_il,0.2395200340330404,0.00577543463479023,True,数值
3,89354,7900,81454,0.08841238221008572,0.06934661998391457,0.0018447626849085485,open_act_il,0.3726701339216823,0.00577543463479023,True,数值
-1,32,4,28,0.125,0.4566121551811929,3.365141955825095e-05,open_il_12m,0.00013346290356888146,0.0653525887294881,True,数值
0,128536,8615,119921,0.06702402439783407,-0.23080601843576984,0.025945748788651177,open_il_12m,0.5360871179103046,0.0653525887294881,True,数值
1,72300,6560,65740,0.09073305670816044,0.0978053389564302,0.003004679260315765,open_il_12m,0.30154274775094153,0.0653525887294881,True,数值
2,26877,3067,23810,0.11411243814413811,0.3531165288698491,0.016194212779144367,open_il_12m,0.11209632685065084,0.0653525887294881,True,数值
3,12022,1650,10372,0.13724837797371486,0.5641877244725775,0.02017429648181853,open_il_12m,0.050140344584534154,0.0653525887294881,True,数值
-1,32,4,28,0.125,0.4566121551811929,3.365141955825095e-05,open_il_24m,0.00013346290356888146,0.059151699838846744,True,数值
0,65811,4138,61673,0.06287702663688441,-0.299111350279499,0.021689995910774845,open_il_24m,0.2744789733366143,0.059151699838846744,True,数值
1,76018,5740,70278,0.07550843221342314,-0.10247729074781145,0.003190392146257548,open_il_24m,0.317049468859351,0.059151699838846744,True,数值
2,47959,4341,43618,0.09051481473758835,0.09515713135892816,0.0018845489762972126,open_il_24m,0.20002335600812454,0.059151699838846744,True,数值
3,24777,2575,22202,0.10392702909956815,0.24818946344175014,0.007059900263579423,open_il_24m,0.10333782380394299,0.059151699838846744,True,数值
4,12246,1387,10859,0.1132614731340846,0.3446712163344373,0.007005254543566229,open_il_24m,0.05107458490951632,0.059151699838846744,True,数值
5,12924,1711,11213,0.1323893531414423,0.5225264796678188,0.01828795657881323,open_il_24m,0.053902330178882,0.059151699838846744,True,数值
-1,7446,619,6827,0.08313188289014235,0.0019869595028217998,1.2270761546549857e-07,mths_since_rcnt_il,0.031055149374184104,0.06623898603973417,True,数值
0,13085,1590,11495,0.1215131830340084,0.4243441622535014,0.011726710798532814,mths_since_rcnt_il,0.05457381541246293,0.06623898603973417,True,数值
1,21093,2367,18726,0.1122173232826056,0.3342327022516555,0.011297237667973954,mths_since_rcnt_il,0.08797290703057552,0.06623898603973417,True,数值
2,60340,5954,54386,0.0986741796486576,0.1904787990303211,0.009886230914772458,mths_since_rcnt_il,0.2516609875420721,0.06623898603973417,True,数值
3,26292,2161,24131,0.08219230184086414,-0.01040393920512903,1.1818048053175369e-05,mths_since_rcnt_il,0.10965645814478223,0.06623898603973417,True,数值
4,26163,1938,24225,0.07407407407407407,-0.12320634007174928,0.00157355774073953,mths_since_rcnt_il,0.10911843581477017,0.06623898603973417,True,数值
5,85348,5267,80081,0.06171204949149365,-0.3190553777037258,0.03174330816204678,mths_since_rcnt_il,0.35596224668115295,0.06623898603973417,True,数值
-1,32,4,28,0.125,0.4566121551811929,3.365141955825095e-05,total_bal_il,0.00013346290356888146,0.00554210815724532,True,数值
0,40102,2878,37224,0.07176699416487956,-0.15733580184066537,0.0038778680225957244,total_bal_il,0.16725404246622763,0.00554210815724532,True,数值
1,51819,4210,47609,0.08124433122985777,-0.02303686706428603,0.00011359916818569273,total_bal_il,0.21612231875112087,0.00554210815724532,True,数值
2,27180,2289,24891,0.08421633554083885,0.016131052856677836,2.9696642032744306e-05,total_bal_il,0.11336005371881869,0.00554210815724532,True,数值
3,120634,10515,110119,0.08716448099209179,0.05376351416053801,0.0014872929048729065,total_bal_il,0.5031301221602639,0.00554210815724532,True,数值
-1,33689,2372,31317,0.07040873875745793,-0.17790529572228603,0.004129817770045112,il_util,0.1405072424478765,0.04239832668577859,True,数值
0,59705,3809,55896,0.06379700192613684,-0.2836038295171765,0.01780359256041276,il_util,0.2490125830493771,0.04239832668577859,True,数值
1,38398,3043,35355,0.07924891921454243,-0.05007364990486398,0.00039325423079028516,il_util,0.1601471428511847,0.04239832668577859,True,数值
2,30901,2785,28116,0.09012653312190544,0.09043136830209439,0.0010944821477176707,il_util,0.12887928697443768,0.04239832668577859,True,数值
3,34950,3517,31433,0.10062947067238913,0.21227236126714763,0.0071765252002892145,il_util,0.1457665149916377,0.04239832668577859,True,数值
4,42124,4370,37754,0.10374133510587788,0.2461938829974629,0.011800654776523539,il_util,0.17568722968548633,0.04239832668577859,True,数值
-1,32,4,28,0.125,0.4566121551811929,3.365141955825095e-05,open_rv_12m,0.00013346290356888146,0.0399338043444186,True,数值
0,79992,5392,74600,0.0674067406740674,-0.22470182936320313,0.015342777580386508,open_rv_12m,0.3336238931963114,0.0399338043444186,True,数值
1,71967,5681,66286,0.078938958133589,-0.05432913569498414,0.0008661147638371302,open_rv_12m,0.3001538994106779,0.0399338043444186,True,数值
2,44052,4015,40037,0.09114228638881322,0.10275562507016009,0.002024924976949657,open_rv_12m,0.18372836962551142,0.0399338043444186,True,数值
3,22666,2300,20366,0.10147357275213977,0.22156458342213647,0.00509024367300502,open_rv_12m,0.09453344288413335,0.0399338043444186,True,数值
4,21058,2504,18554,0.11890967803210181,0.39972635824327846,0.016576091930682033,open_rv_12m,0.08782693197979706,0.0399338043444186,True,数值
-1,32,4,28,0.125,0.4566121551811929,3.365141955825095e-05,open_rv_24m,0.00013346290356888146,0.06989161578879576,True,数值
0,33306,1852,31454,0.055605596589203145,-0.4297377206080401,0.021475099817929506,open_rv_24m,0.13890985832078642,0.06989161578879576,True,数值
1,47970,3133,44837,0.06531165311653117,-0.2585203752096797,0.012009636722471606,open_rv_24m,0.20006923388122635,0.06989161578879576,True,数值
2,46119,3507,42612,0.07604241202107591,-0.09485262835440406,0.0016635218659047438,open_rv_24m,0.19234923905291387,0.06989161578879576,True,数值
3,61948,5675,56273,0.0916090914960935,0.10837802120283536,0.0031751267460550514,open_rv_24m,0.2583674984464084,0.06989161578879576,True,数值
4,36631,3950,32681,0.10783216401408643,0.2894440138706954,0.014441870692476327,open_rv_24m,0.15277748814474051,0.06989161578879576,True,数值
5,13761,1775,11986,0.12898771891577646,0.49258342512789177,0.01709270852440026,open_rv_24m,0.05739321925035555,0.06989161578879576,True,数值
-1,32,4,28,0.125,0.4566121551811929,3.365141955825095e-05,max_bal_bc,0.00013346290356888146,0.022382152885942072,True,数值
0,23851,2415,21436,0.10125361620057859,0.21914983970843827,0.005234975073906605,max_bal_bc,0.09947574103191849,0.022382152885942072,True,数值
1,64024,5905,58119,0.09223103836061478,0.11582912111291324,0.0037599357877977574,max_bal_bc,0.2670259043154396,0.022382152885942072,True,数值
2,85105,6996,78109,0.08220433582045708,-0.0102444256893202,3.7092466187443666e-05,max_bal_bc,0.35494876275717674,0.022382152885942072,True,数值
3,35769,2630,33139,0.0735273560904694,-0.13120468610187508,0.0024315929194875553,max_bal_bc,0.14918233117985377,0.022382152885942072,True,数值
4,18977,1255,17722,0.06613268693681826,-0.2451489288048574,0.004295941238429791,max_bal_bc,0.07914767253208323,0.022382152885942072,True,数值
5,12009,691,11318,0.05754017819968357,-0.3934875296982932,0.006588963980574666,max_bal_bc,0.050086125279959294,0.022382152885942072,True,数值
-1,43,4,39,0.09302325581395349,0.1252550192267502,2.9646236901128533e-06,all_util,0.00017934077667068445,0.04003029159056966,True,数值
0,49431,2946,46485,0.05959822783273654,-0.3561590576308765,0.022562483759699253,all_util,0.2061626495722931,0.04003029159056966,True,数值
1,23839,1711,22128,0.0717731448466798,-0.1572434757758399,0.0023026176285737628,all_util,0.09942569244308015,0.04003029159056966,True,数值
2,32664,2584,30080,0.07910849865295126,-0.05199960892477772,0.00036046856048668546,all_util,0.13623225881793574,0.04003029159056966,True,数值
3,36611,3199,33412,0.08737811040397694,0.056445448310227214,0.0004980890571701134,all_util,0.15269407383000996,0.04003029159056966,True,数值
4,50499,4705,45794,0.09317016178538189,0.1269949991023436,0.003581642892001222,all_util,0.21061697397890453,0.04003029159056966,True,数值
5,46680,4747,41933,0.1016923736075407,0.22396203736464732,0.010722025068948513,all_util,0.19468901058110583,0.04003029159056966,True,数值
0,25802,2603,23199,0.10088365243004419,0.2150777559539262,0.005445435265914512,total_rev_hi_lim,0.10761280743388373,0.03243890567905968,True,数值
1,56685,5240,51445,0.09244068095616124,0.11833052674168325,0.003477901756875866,total_rev_hi_lim,0.23641702152506391,0.03243890567905968,True,数值
2,54213,4775,49438,0.08807850515558999,0.06519691891244568,0.0009876005707357047,total_rev_hi_lim,0.22610701222436783,0.03243890567905968,True,数值
3,35555,2899,32656,0.08153564899451554,-0.0191404518914643,5.389515716104997e-05,total_rev_hi_lim,0.14828979801223688,0.03243890567905968,True,数值
4,42047,2991,39056,0.07113468261707137,-0.16686642976628713,0.004555404201608111,total_rev_hi_lim,0.1753660845737737,0.03243890567905968,True,数值
5,25465,1388,24077,0.054506184959748676,-0.45087086164057294,0.017918668726764436,total_rev_hi_lim,0.10620727623067394,0.03243890567905968,True,数值
-1,32,4,28,0.125,0.4566121551811929,3.365141955825095e-05,inq_fi,0.00013346290356888146,0.03681938646245425,True,数值
0,129881,9348,120533,0.07197357581170456,-0.15423885344624452,0.012085467410747435,inq_fi,0.5416967305759341,0.03681938646245425,True,数值
1,55223,4701,50522,0.08512757365590425,0.027888671297936058,0.00018123340601016285,inq_fi,0.23031943511826064,0.03681938646245425,True,数值
2,27072,2617,24455,0.09666814420803782,0.16771623379319447,0.003406261006336822,inq_fi,0.11290961641927372,0.03681938646245425,True,数值
3,13263,1406,11857,0.10600919852220463,0.2703526871490459,0.00452581088760396,inq_fi,0.055316202813564835,0.03681938646245425,True,数值
4,14296,1820,12476,0.12730833799664243,0.47755200657965324,0.016586962332197624,inq_fi,0.05962455216939779,0.03681938646245425,True,数值
-1,32,4,28,0.125,0.4566121551811929,3.365141955825095e-05,total_cu_tl,0.00013346290356888146,0.0018474120211509951,True,数值
0,133804,10924,122880,0.08164180443036083,-0.0177237615513974,0.0001740131491707397,total_cu_tl,0.5580584484103317,0.0018474120211509951,True,数值
1,39418,3245,36173,0.08232279669186666,-0.008675329796340281,1.2328382548482014e-05,total_cu_tl,0.16440127290244277,0.0018474120211509951,True,数值
2,21406,1767,19639,0.08254694945342428,-0.005711887559020559,2.9058352474492106e-06,total_cu_tl,0.08927834105610864,0.0018474120211509951,True,数值
3,13456,1126,12330,0.08368014268727705,0.00915851677775179,4.7253684807887475e-06,total_cu_tl,0.056121150950714654,0.0018474120211509951,True,数值
4,19635,1665,17970,0.08479755538579067,0.023643726873445608,4.6233447530842974e-05,total_cu_tl,0.08189200348671835,0.0018474120211509951,True,数值
5,12016,1165,10851,0.09695406125166445,0.1709861496160995,0.0015735544186144415,total_cu_tl,0.050115320290114986,0.0018474120211509951,True,数值
-1,32,4,28,0.125,0.4566121551811929,3.365141955825095e-05,inq_last_12m,0.00013346290356888146,0.06179884091015628,True,数值
0,65027,3962,61065,0.06092853737678195,-0.33266761811018647,0.026146187284388903,inq_last_12m,0.2712091321991767,0.06179884091015628,True,数值
1,57848,4320,53528,0.07467846770847739,-0.11442717498799088,0.0030120403287053057,inq_last_12m,0.24126756392664545,0.06179884091015628,True,数值
2,41252,3580,37672,0.0867836710947348,0.04896799170786157,0.0004210677366903947,inq_last_12m,0.1720503655632343,0.06179884091015628,True,数值
3,27110,2535,24575,0.09350793065289562,0.13098627524642248,0.0020489478157942028,inq_last_12m,0.11306810361726176,0.06179884091015628,True,数值
4,35225,3772,31453,0.10708303761533002,0.2816333009034032,0.013105463207115645,inq_last_12m,0.1469134618191828,0.06179884091015628,True,数值
5,13273,1723,11550,0.12981240111504558,0.4999038248144962,0.01703148311790358,inq_last_12m,0.05535790997093011,0.06179884091015628,True,数值
0,63840,3441,60399,0.05390037593984962,-0.4626881174604721,0.04707974105502851,acc_open_past_24mths,0.2662584926199185,0.10534630439337155,True,数值
1,35145,2366,32779,0.0673210983070138,-0.22606499665130736,0.00681913663458379,acc_open_past_24mths,0.1465798045602606,0.10534630439337155,True,数值
2,32837,2624,30213,0.07990985778237963,-0.041050120015768465,0.00022686700295226238,acc_open_past_24mths,0.136953792640355,0.10534630439337155,True,数值
3,50492,4693,45799,0.09294541709577755,0.12433208422814945,0.0034287240609060937,acc_open_past_24mths,0.21058777896874883,0.10534630439337155,True,数值
4,38263,4133,34130,0.1080155764054047,0.2913490768474858,0.015296646301995473,acc_open_past_24mths,0.15958409622675349,0.10534630439337155,True,数值
5,19190,2639,16551,0.137519541427827,0.5664758387992895,0.03249518933790542,acc_open_past_24mths,0.0800360349839636,0.10534630439337155,True,数值
0,123763,11793,111970,0.09528695975372284,0.15179746107223335,0.012671908524858935,avg_cur_bal,0.5161802916998586,0.04190943176047606,True,数值
1,23835,2060,21775,0.08642752255087056,0.04446576429942943,0.00020023183681418773,avg_cur_bal,0.09940900958013404,0.04190943176047606,True,数值
2,23393,1763,21630,0.07536442525541828,-0.10454203231272804,0.0010208623347910922,avg_cur_bal,0.09756555322458887,0.04190943176047606,True,数值
3,34283,2377,31906,0.06933465566023977,-0.19443258726424284,0.004985467520276768,avg_cur_bal,0.14298464759537385,0.04190943176047606,True,数值
4,34493,1903,32590,0.05517061432754472,-0.4380516002989516,0.02303096154373508,avg_cur_bal,0.14386049790004463,0.04190943176047606,True,数值
-1,2786,264,2522,0.09475951184493898,0.14566389085795758,0.0002619964093022953,bc_open_to_buy,0.011619614041965742,0.048898728404744754,True,数值
0,12082,1278,10804,0.10577718920708493,0.2679022242614801,0.004044282330477026,bc_open_to_buy,0.05039058752872581,0.048898728404744754,True,数值
1,91887,8702,83185,0.09470327685091472,0.14500814542328844,0.008561116766973097,bc_open_to_buy,0.38323455688230657,0.048898728404744754,True,数值
2,49346,4278,45068,0.08669395695699753,0.0478354545948005,0.000480428638814002,bc_open_to_buy,0.20580813873468826,0.048898728404744754,True,数值
3,24144,1879,22265,0.0778247183565275,-0.06975391410583129,0.0004759190454254272,bc_open_to_buy,0.10069776074272106,0.048898728404744754,True,数值
4,37689,2463,35226,0.0653506328106344,-0.25788202293519685,0.00939164989032313,bc_open_to_buy,0.15719010539398667,0.048898728404744754,True,数值
5,21833,1032,20801,0.047267897219804886,-0.6009800911788138,0.025683335323429774,bc_open_to_buy,0.0910592366756059,0.048898728404744754,True,数值
-1,2902,274,2628,0.09441764300482426,0.14167203102007525,0.0002577225830378806,bc_util,0.012103417067402937,0.01349640279970396,True,数值
0,45309,3186,42123,0.07031715553201351,-0.1793053940762519,0.005638765134868242,bc_util,0.18897095930632657,0.01349640279970396,True,数值
1,31574,2370,29204,0.07506175967568253,-0.10889342681029338,0.0014922664100451,bc_util,0.13168617866512072,0.01349640279970396,True,数值
2,31059,2510,28549,0.08081393476931002,-0.02881685183868437,0.0001062853832713405,bc_util,0.12953826006080904,0.01349640279970396,True,数值
3,106751,9324,97427,0.08734344408951672,0.05601064578420039,0.0014297887093376138,bc_util,0.445228075590052,0.01349640279970396,True,数值
4,22172,2232,19940,0.10066750856936676,0.21269258422187845,0.0045715745791437825,bc_util,0.09247310931028874,0.01349640279970396,True,数值
-1,7417,616,6801,0.08305244708103006,0.0009443285943872501,2.759663810822652e-08,mo_sin_old_il_acct,0.030934198617824805,0.01478868462887702,True,数值
0,14098,1552,12546,0.11008653709746063,0.3126648363229817,0.006548733169750053,mo_sin_old_il_acct,0.058798750453565335,0.01478868462887702,True,数值
1,21953,2111,19842,0.09615997813510682,0.16188316987497886,0.002567127799887505,mo_sin_old_il_acct,0.09155972256398921,0.01478868462887702,True,数值
2,91060,7737,83323,0.08496595651218976,0.025811698298322434,0.00025576852675212593,mo_sin_old_il_acct,0.3797853749681983,0.01478868462887702,True,数值
3,28294,2190,26104,0.07740156923729413,-0.0756647112261039,0.0006546347854868541,mo_sin_old_il_acct,0.11800623104931038,0.01478868462887702,True,数值
4,76945,5690,71255,0.0739489245565014,-0.12503243975042988,0.004762392750362374,mo_sin_old_il_acct,0.32091572234711196,0.01478868462887702,True,数值
0,18644,2149,16495,0.11526496459987128,0.36446761721633497,0.012023931811223746,mo_sin_old_rev_tl_op,0.07775882419181956,0.03157417276246998,True,数值
1,17151,1714,15437,0.09993586379802927,0.20458489921238993,0.0032608008462183557,mo_sin_old_rev_tl_op,0.07153194559718393,0.03157417276246998,True,数值
2,62787,5716,57071,0.09103795371653367,0.10149545756804007,0.002814275394825188,mo_sin_old_rev_tl_op,0.261866728949355,0.03157417276246998,True,数值
3,21206,1759,19447,0.0829482222012638,-0.00042504653081798955,1.597589950120961e-08,mo_sin_old_rev_tl_op,0.08844419790880313,0.03157417276246998,True,数值
4,27910,2141,25769,0.07671085632389825,-0.085376905255499,0.0008188473843018985,mo_sin_old_rev_tl_op,0.1164046762064838,0.03157417276246998,True,数值
5,92069,6417,85652,0.06969772670497128,-0.18881955233908607,0.012656301350001292,mo_sin_old_rev_tl_op,0.3839936271463546,0.03157417276246998,True,数值
0,19389,2113,17276,0.10897931817009644,0.30131278777197107,0.008324942819259325,mo_sin_rcnt_rev_tl_op,0.08086600741553258,0.03946857542946426,True,数值
1,19682,1897,17785,0.09638248145513667,0.16444058978896467,0.002377393097773529,mo_sin_rcnt_rev_tl_op,0.08208802712633514,0.03946857542946426,True,数值
2,52279,4727,47552,0.09041871497159472,0.09398920695231142,0.00200320846955526,mo_sin_rcnt_rev_tl_op,0.21804084798992354,0.03946857542946426,True,数值
3,94301,7884,86417,0.08360462773459454,0.008173277812275129,2.636329985996357e-05,mo_sin_rcnt_rev_tl_op,0.3933026646702841,0.03946857542946426,True,数值
4,35670,2363,33307,0.0662461452200729,-0.24331328266426105,0.007960404741243685,mo_sin_rcnt_rev_tl_op,0.14876943032193754,0.03946857542946426,True,数值
5,18446,912,17534,0.04944161335790957,-0.5537348378376935,0.018776263001772497,mo_sin_rcnt_rev_tl_op,0.0769330224759871,0.03946857542946426,True,数值
0,23812,2628,21184,0.11036452208970267,0.31549922510427253,0.011275768125540313,mo_sin_rcnt_tl,0.09931308311819391,0.050270008594458404,True,数值
1,53795,5255,48540,0.09768565851844967,0.1793141082669652,0.007774634619579637,mo_sin_rcnt_tl,0.2243636530464993,0.050270008594458404,True,数值
2,75056,6360,68696,0.08473672990833511,0.022859708218353363,0.00016514987238395133,mo_sin_rcnt_tl,0.3130372403208114,0.050270008594458404,True,数值
3,31106,2361,28745,0.0759017552883688,-0.09685627673537239,0.0011689274913754127,mo_sin_rcnt_tl,0.12973428370042583,0.050270008594458404,True,数值
4,20131,1346,18785,0.0668620535492524,-0.23339914356689004,0.0041509270186744895,mo_sin_rcnt_tl,0.08396067849203602,0.050270008594458404,True,数值
5,35867,1946,33921,0.05425600133827752,-0.45573600362089844,0.0257346014669046,mo_sin_rcnt_tl,0.14959106132203348,0.050270008594458404,True,数值
0,105697,10222,95475,0.0967104080532087,0.16820013147101398,0.013378591675159804,mort_acc,0.44083214120375197,0.033519607541788524,True,数值
1,42854,3550,39304,0.08283940822326971,-0.0018563871425166072,6.154642849044536e-07,mort_acc,0.17873185217315143,0.033519607541788524,True,数值
2,34850,2518,32332,0.07225251076040172,-0.15007021201293652,0.0030752026062141006,mort_acc,0.14534944341798495,0.033519607541788524,True,数值
3,24581,1652,22929,0.06720637891054067,-0.22789350559356442,0.004843217932631883,mort_acc,0.1025203635195836,0.033519607541788524,True,数值
4,15115,958,14157,0.06338074760172015,-0.29059439818713045,0.00471848953383707,mort_acc,0.06304036835761385,0.033519607541788524,True,数值
5,16670,996,15674,0.059748050389922015,-0.3534890057917056,0.007503490329660761,mort_acc,0.06952583132791418,0.033519607541788524,True,数值
-1,2616,245,2371,0.09365443425076453,0.13271342871582756,0.00020310955971430348,mths_since_recent_bc,0.01091059236675606,0.040499375119081055,True,数值
0,21790,2336,19454,0.10720513997246443,0.28290966475523815,0.008184967326574612,mths_since_recent_bc,0.09087989589893522,0.040499375119081055,True,数值
1,25170,2439,22731,0.0969010727056019,0.17038079185294316,0.003272011001185382,mths_since_recent_bc,0.10497691508839832,0.040499375119081055,True,数值
2,108707,9566,99141,0.08799801300744202,0.06419437020703847,0.0019190815350044624,mths_since_recent_bc,0.45338599557069986,0.040499375119081055,True,数值
3,34341,2513,31828,0.07317783407588596,-0.1363468427173272,0.002515710034624282,mths_since_recent_bc,0.14322654910809243,0.040499375119081055,True,数值
4,24009,1578,22431,0.06572535299262776,-0.2517634040256996,0.005716662329873106,mths_since_recent_bc,0.10013471411828984,0.040499375119081055,True,数值
5,23134,1219,21915,0.05269300596524596,-0.48661817913513183,0.018687833332104907,mths_since_recent_bc,0.09648533784882823,0.040499375119081055,True,数值
-1,177727,14636,163091,0.08235102151051894,-0.008301775840349994,5.0909940408695994e-05,mths_since_recent_bc_dlq,0.7412487957058311,0.0004716282265933422,True,数值
0,15555,1374,14181,0.08833172613307617,0.06834545755745478,0.0003118054965701657,mths_since_recent_bc_dlq,0.06487548328168596,0.0004716282265933422,True,数值
1,13421,1158,12263,0.08628269130467178,0.04263008460742067,0.00010355022720241806,mths_since_recent_bc_dlq,0.05597517589993619,0.0004716282265933422,True,数值
2,33064,2728,30336,0.0825066537624002,-0.00624408185488957,5.362562412062455e-06,mths_since_recent_bc_dlq,0.13790054511254676,0.0004716282265933422,True,数值
-1,26091,1394,24697,0.05342838526695029,-0.47198216219265643,0.01994625863237817,mths_since_recent_inq,0.10881814428174019,0.058894554195894684,True,数值
0,43595,4812,38783,0.11037963069159307,0.3156530960628808,0.02066513511155587,mths_since_recent_inq,0.18182235253391835,0.058894554195894684,True,数值
1,19332,1910,17422,0.09879991723567143,0.1918917708983445,0.003216456247113071,mths_since_recent_inq,0.08062827661855052,0.058894554195894684,True,数值
2,33816,3147,30669,0.09306245564229951,0.1257195498757891,0.002349215852295515,mths_since_recent_inq,0.1410369233464155,0.058894554195894684,True,数值
3,37847,3089,34758,0.08161809390440458,-0.01804004316959125,5.0985949989294526e-05,mths_since_recent_inq,0.157849078480358,0.058894554195894684,True,数值
4,62605,4571,58034,0.07301333759284402,-0.13877474210471297,0.004746235640558877,mths_since_recent_inq,0.261107658685307,0.058894554195894684,True,数值
5,16481,973,15508,0.05903767975244221,-0.3662049123683086,0.007920266762003894,mths_since_recent_inq,0.06873756605371048,0.058894554195894684,True,数值
-1,151815,12618,139197,0.08311431676711788,0.0017564742411843766,1.9549108793770837e-06,mths_since_recent_revol_delinq,0.6331772095409293,0.0001671737361209274,True,数值
0,34780,2946,31834,0.08470385278895917,0.02243572126928194,7.370285234983468e-05,mths_since_recent_revol_delinq,0.14505749331642803,0.0001671737361209274,True,数值
1,33512,2738,30774,0.08170207686798758,-0.01692014653242314,3.973335659104522e-05,mths_since_recent_revol_delinq,0.1397690257625111,0.0001671737361209274,True,数值
2,19660,1594,18066,0.08107833163784334,-0.025262834123122246,5.178261630067042e-05,mths_since_recent_revol_delinq,0.08199627138013155,0.0001671737361209274,True,数值
0,210691,17458,193233,0.08286068223132455,-0.001576414096237447,2.182286143719892e-06,num_accts_ever_120_pd,0.8787322692447251,1.7910508456571476e-05,True,数值
1,29076,2438,26638,0.08384922272664741,0.011361567516747037,1.5728222312851585e-05,num_accts_ever_120_pd,0.12126773075527492,1.7910508456571476e-05,True,数值
0,85569,6793,78776,0.07938622632027954,-0.048193407499829886,0.000812415506221036,num_actv_bc_tl,0.35688397485892553,0.003648423159728596,True,数值
1,50503,4011,46492,0.07942102449359444,-0.047717363757039534,0.0004701567438156567,num_actv_bc_tl,0.21063365684185062,0.003648423159728596,True,数值
2,38592,3230,35362,0.08369610281923714,0.009366644215173787,1.4176611732678159e-05,num_actv_bc_tl,0.16095626170407104,0.003648423159728596,True,数值
3,50322,4489,45833,0.08920551647390804,0.07914790835150398,0.00135890569796483,num_actv_bc_tl,0.20987875729353914,0.003648423159728596,True,数值
4,14781,1373,13408,0.09288952033015357,0.123668887282613,0.0009927685999943947,num_actv_bc_tl,0.06164734930161365,0.003648423159728596,True,数值
0,69165,5157,64008,0.0745608327911516,-0.11613075624249486,0.0037066993088639088,num_actv_rev_tl,0.2884675539169277,0.009736993725561246,True,数值
1,70223,5620,64603,0.08003075915298406,-0.03940688119664724,0.0004474040059491289,num_actv_rev_tl,0.2928801711661738,0.009736993725561246,True,数值
2,26896,2302,24594,0.08558893515764426,0.03379810378594146,0.0001299588091550308,num_actv_rev_tl,0.11217557044964487,0.009736993725561246,True,数值
3,35427,3166,32261,0.08936686707878172,0.08113219533858454,0.0010060812787751428,num_actv_rev_tl,0.14775594639796136,0.009736993725561246,True,数值
4,18705,1747,16958,0.0933974873028602,0.12968263650661443,0.0013849524101788295,num_actv_rev_tl,0.07801323785174774,0.009736993725561246,True,数值
5,19351,1904,17447,0.09839284791483645,0.18731152650791505,0.0030618979126392056,num_actv_rev_tl,0.08070752021754453,0.009736993725561246,True,数值
0,168415,13708,154707,0.08139417510316777,-0.02103109717523106,0.0003079690207749153,num_bc_sats,0.7024110907672866,0.0013136056288684187,True,数值
1,37563,3169,34394,0.0843649335782552,0.018056254383282202,5.1463205060399804e-05,num_bc_sats,0.1566645952111842,0.0013136056288684187,True,数值
2,33789,3019,30770,0.08934860457545354,0.08090776562725761,0.0009541734030331036,num_bc_sats,0.14092431402152925,0.0013136056288684187,True,数值
0,21231,1882,19349,0.08864396401488389,0.07221660684590227,0.0004759274305230846,num_bc_tl,0.08854846580221631,0.000758648892629809,True,数值
1,47376,4015,43361,0.08474755150287065,0.022999232039153803,0.00010552656440352109,num_bc_tl,0.197591828733729,0.000758648892629809,True,数值
2,140559,11502,129057,0.0818304057370926,-0.015210929707131214,0.00013478026563655212,num_bc_tl,0.5862316332105753,0.000758648892629809,True,数值
3,30601,2497,28104,0.08159864056730172,-0.018299599429383674,4.241463206665111e-05,num_bc_tl,0.1276280722534794,0.000758648892629809,True,数值
0,105454,8490,96964,0.08050903711570923,-0.032928471035726686,0.00047038665964341367,num_il_tl,0.43981865727977576,0.000904731254320219,True,数值
1,48010,4020,43990,0.08373255571755885,0.009841871506807326,1.94751261608772e-05,num_il_tl,0.20023606251068746,0.000904731254320219,True,数值
2,86303,7386,78917,0.08558219297127562,0.03371195341288393,0.0004148694685159282,num_il_tl,0.35994528020953676,0.000904731254320219,True,数值
0,28067,2164,25903,0.07710122207574732,-0.07987812689279108,0.0007224503349798033,num_op_rev_tl,0.11705947857711863,0.0036155220573505977,True,数值
1,74777,5908,68869,0.07900825120023537,-0.05337648043519665,0.0008689938266222952,num_op_rev_tl,0.31187361063032026,0.0036155220573505977,True,数值
2,24073,1951,22122,0.08104515432226976,-0.025708222602582265,6.564928942667733e-05,num_op_rev_tl,0.1004016399254276,0.0036155220573505977,True,数值
3,76664,6594,70070,0.08601168736303871,0.0391877065036029,0.0004991156071677946,num_op_rev_tl,0.31974375122514775,0.0036155220573505977,True,数值
4,36186,3279,32907,0.09061515503233294,0.09637540100171063,0.0014593129991540272,num_op_rev_tl,0.15092151964198577,0.0036155220573505977,True,数值
0,208349,17274,191075,0.08290896524581351,-0.000941236034347841,7.695354596402852e-07,num_rev_accts,0.8689644529897775,5.857498143663708e-06,True,数值
1,31418,2622,28796,0.08345534407027819,0.00622320097095775,5.087962684023423e-06,num_rev_accts,0.13103554701022244,5.857498143663708e-06,True,数值
0,69375,5201,64174,0.07496936936936936,-0.11022492521645862,0.003357651182926397,num_rev_tl_bal_gt_0,0.2893434042215985,0.009102679445720942,True,数值
1,70830,5663,65167,0.07995199774107017,-0.040477114465568634,0.0004759036331695782,num_rev_tl_bal_gt_0,0.29541179561824604,0.009102679445720942,True,数值
2,27189,2328,24861,0.08562286218691383,0.034231523570682425,0.0001347899726316826,num_rev_tl_bal_gt_0,0.11339759016044744,0.009102679445720942,True,数值
3,35583,3187,32396,0.08956524182896326,0.083567381284962,0.001073173189808606,num_rev_tl_bal_gt_0,0.14840657805285964,0.009102679445720942,True,数值
4,23862,2242,21620,0.09395691895063281,0.13627181667541216,0.0019562612922532844,num_rev_tl_bal_gt_0,0.09952161890502029,0.009102679445720942,True,数值
5,12928,1275,11653,0.09862314356435643,0.18990482525576935,0.0021049001749313947,num_rev_tl_bal_gt_0,0.053919013041828105,0.009102679445720942,True,数值
0,24042,1796,22246,0.07470260377672407,-0.11407794305332354,0.0012443744942061523,num_sats,0.10027234773759525,0.0024985313665969104,True,数值
1,76036,6116,69920,0.08043558314482613,-0.03392113904395809,0.0003597735750738896,num_sats,0.31712454174260846,0.0024985313665969104,True,数值
2,91332,7767,83565,0.08504138746551045,0.026781521533127992,0.0002762838327289708,num_sats,0.3809198096485338,0.0024985313665969104,True,数值
3,34428,2990,31438,0.08684791448820728,0.04977833933305513,0.00036326355830486,num_sats,0.14358940137717033,0.0024985313665969104,True,数值
4,13929,1227,12702,0.08808959724316175,0.06533500858449741,0.00025483590628303795,num_sats,0.05809389949409218,0.0024985313665969104,True,数值
0,225207,18562,206645,0.08242194958416035,-0.007363560755681399,5.0773219554170874e-05,num_tl_90g_dpd_24m,0.9392743788761589,0.0007990379289424544,True,数值
1,14560,1334,13226,0.09162087912087911,0.10851966247746742,0.0007482647093882835,num_tl_90g_dpd_24m,0.06072562112384106,0.0007990379289424544,True,数值
0,41881,2347,39534,0.056039731620543924,-0.42150084005434524,0.026066464070222423,num_tl_op_past_12m,0.17467374576151012,0.08530278386732401,True,数值
1,59183,3859,55324,0.06520453508608891,-0.26027642397047374,0.01500797680962572,num_tl_op_past_12m,0.24683546943490972,0.08530278386732401,True,数值
2,52360,4272,48088,0.08158899923605806,-0.01842825984246096,7.35939167782609e-05,num_tl_op_past_12m,0.21837867596458227,0.08530278386732401,True,数值
3,37354,3614,33740,0.09675001338544734,0.1686534192887206,0.0047544976961830625,num_tl_op_past_12m,0.15579291562224992,0.08530278386732401,True,数值
4,22682,2475,20207,0.10911736178467507,0.30273362122580055,0.00983671586281161,num_tl_op_past_12m,0.09460017433591779,0.08530278386732401,True,数值
5,26307,3329,22978,0.12654426578477213,0.47065702639822105,0.02956353551170293,num_tl_op_past_12m,0.10971901888083013,0.08530278386732401,True,数值
0,37788,3051,34737,0.08073991743410606,-0.02981369132720698,0.0001383559949857355,pct_tl_nvr_dlq,0.15760300625190288,0.00016386257185842338,True,数值
1,201979,16845,185134,0.08339975938092574,0.005496293888634127,2.5506576872687856e-05,pct_tl_nvr_dlq,0.8423969937480971,0.00016386257185842338,True,数值
-1,2804,265,2539,0.09450784593437946,0.14272654851805003,0.00025285148770718064,percent_bc_gt_75,0.011694686925223238,0.01751259882562493,True,数值
0,66740,4614,62126,0.0691339526520827,-0.19754711687865306,0.010005895656681725,percent_bc_gt_75,0.2783535682558484,0.01751259882562493,True,数值
1,20609,1561,19048,0.07574360716191955,-0.09911316341476059,0.0008102139241027497,percent_bc_gt_75,0.08595428061409618,0.01751259882562493,True,数值
2,31763,2672,29091,0.08412303623713126,0.014920711920386664,2.9676577203284286e-05,percent_bc_gt_75,0.13247444393932442,0.01751259882562493,True,数值
3,36252,3175,33077,0.08758137482069955,0.05899175977639846,0.0005392792800887254,percent_bc_gt_75,0.15119678688059657,0.01751259882562493,True,数值
4,81599,7609,73990,0.0932486917731835,0.12792411249343225,0.005874681899841266,percent_bc_gt_75,0.3403262333849112,0.01751259882562493,True,数值
0,208702,16792,191910,0.08045921936541096,-0.03360162537531792,0.0009691124115389982,pub_rec_bankruptcies,0.8704367156447718,0.006864354072105938,True,数值
1,31065,3104,27961,0.09991952357959118,0.20440322445232192,0.0058952416605669395,pub_rec_bankruptcies,0.1295632843552282,0.006864354072105938,True,数值
0,115859,11203,104656,0.09669512079337816,0.1680251225942356,0.014633276430829815,tot_hi_cred_lim,0.4832149545183449,0.04382957473849981,True,数值
1,41320,3468,37852,0.08393030009680542,0.012416544508815306,2.6706771292502493e-05,tot_hi_cred_lim,0.17233397423331817,0.04382957473849981,True,数值
2,33970,2353,31617,0.06926700029437739,-0.1954815366381778,0.004991225455752508,tot_hi_cred_lim,0.14167921356984073,0.04382957473849981,True,数值
3,27207,1702,25505,0.06255743007314295,-0.30454817698720127,0.009275015685007828,tot_hi_cred_lim,0.11347266304370493,0.04382957473849981,True,数值
4,21411,1170,20241,0.0546448087431694,-0.448184197267227,0.014903350395617162,tot_hi_cred_lim,0.08929919463479127,0.04382957473849981,True,数值
0,30583,2354,28229,0.07697086616747867,-0.08171150525484974,0.0008231355328008492,total_bal_ex_mort,0.12755299937022194,0.0010611532027637969,True,数值
1,32006,2616,29390,0.08173467474848466,-0.016485742599367623,3.603078700211369e-05,total_bal_ex_mort,0.13348792786330063,0.0010611532027637969,True,数值
2,177178,14926,162252,0.08424296470216393,0.01647628078108069,0.000201986882960834,total_bal_ex_mort,0.7389590727664774,0.0010611532027637969,True,数值
0,32512,3381,29131,0.1039923720472441,0.24889092870955382,0.009319056423041988,total_bc_limit,0.13559831002598355,0.04121256808776155,True,数值
1,39201,3722,35479,0.09494655748577842,0.14784249030528557,0.003801027373111314,total_bc_limit,0.1634962275876163,0.04121256808776155,True,数值
2,30908,2786,28122,0.09013847547560502,0.09057699142549604,0.0010983254021376706,total_bc_limit,0.12890848198459337,0.04121256808776155,True,数值
3,70688,5828,64860,0.08244680851063829,-0.007034908309707353,1.4547861576621308e-05,total_bc_limit,0.2948195539836591,0.04121256808776155,True,数值
4,39671,2766,36905,0.06972347558670061,-0.18842250574294306,0.005431373133424466,total_bc_limit,0.16545646398378425,0.04121256808776155,True,数值
5,26787,1413,25374,0.052749468025534776,-0.48548761977951016,0.021548237894469496,total_bc_limit,0.11172096243436336,0.04121256808776155,True,数值
0,159817,13411,146406,0.08391472746954329,0.012213985671345792,9.994490714399267e-05,total_il_high_credit_limit,0.6665512768646228,0.001248540767917343,True,数值
1,61897,5152,56745,0.08323505177956929,0.003339746285456466,2.8834472992168544e-06,total_il_high_credit_limit,0.2581547919438455,0.001248540767917343,True,数值
2,18053,1333,16720,0.07383814324489005,-0.12665126222347778,0.0011457124134741335,total_il_high_credit_limit,0.07529393119153178,0.001248540767917343,True,数值
0,16421,1735,14686,0.10565738992753182,0.26663505860591,0.005441954120479179,credit_hist_mths,0.06848732310951883,0.019702942783597598,True,数值
1,44383,4212,40171,0.09490120091025843,0.14731455624724846,0.004271865758681822,credit_hist_mths,0.18510887653430205,0.019702942783597598,True,数值
2,41827,3742,38085,0.08946374351495445,0.08232202826365254,0.001223536020238552,credit_hist_mths,0.17444852711173764,0.019702942783597598,True,数值
3,84270,6485,77785,0.07695502551323129,-0.08193448853417151,0.0022802949425645195,credit_hist_mths,0.35146621511717624,0.019702942783597598,True,数值
4,52866,3722,49144,0.07040441871902546,-0.17797130140506107,0.006485291941633524,credit_hist_mths,0.22048905812726521,0.019702942783597598,True,数值
-1,17345,2004,15341,0.1155376189103488,0.3671385045964883,0.011363316043606974,emp_length_num,0.07234106445007028,0.019915027258568984,True,数值
0,34715,3149,31566,0.09071006769408037,0.09752665437866856,0.001434326421251495,emp_length_num,0.14478639679355373,0.019915027258568984,True,数值
1,41904,3588,38316,0.08562428407789233,0.034249684912410594,0.0002079619232245012,emp_length_num,0.17476967222345027,0.019915027258568984,True,数值
2,29060,2418,26642,0.08320715760495527,0.0029741384998360158,1.0734139527791782e-06,emp_length_num,0.12120099930349047,0.019915027258568984,True,数值
3,37371,2979,34392,0.07971421690615718,-0.04371400122632909,0.0002924642619825347,emp_length_num,0.1558638177897709,0.019915027258568984,True,数值
4,79372,5758,73614,0.07254447412185658,-0.14572272861061047,0.0066158851945507,emp_length_num,0.33103804943966436,0.019915027258568984,True,数值
0,109771,7526,102245,0.06856091317378907,-0.20648589756402633,0.017913825288979463,home_ownership,0.4578236371143652,0.0336323687294116,True,类别
1,30456,2581,27875,0.08474520619910691,0.022968995192700355,6.76593963601732e-05,home_ownership,0.12702331847168294,0.0336323687294116,True,类别
2,99540,9789,89751,0.0983423749246534,0.18674244114820202,0.01565088404407197,home_ownership,0.4151530444139519,0.0336323687294116,True,类别
0,66849,3639,63210,0.05443611721940493,-0.4522312936176785,0.04729691191138189,verification_status,0.2788081762711299,0.07720653607066029,True,类别
1,104284,8766,95518,0.08405891603697595,0.014088194831485708,8.683419271263257e-05,verification_status,0.43493891986803856,0.07720653607066029,True,类别
2,68634,7491,61143,0.10914415595768862,0.30300922122989987,0.029822789966565764,verification_status,0.2862529038608316,0.07720653607066029,True,类别
0,54418,3681,50737,0.06764305928185527,-0.22094866883906755,0.010107511765589319,purpose,0.22696200895035598,0.018446973870226306,True,类别
1,17364,1319,16045,0.07596175996314214,-0.09600109659013652,0.0006412753470369043,purpose,0.0724203080490643,0.018446973870226306,True,类别
2,6166,477,5689,0.07735971456373662,-0.07625096962580008,0.000144845911905796,purpose,0.025716633231428844,0.018446973870226306,True,类别
3,131779,11536,120243,0.08754050341860235,0.05848018954582838,0.0019260612349232243,purpose,0.5496127490438634,0.018446973870226306,True,类别
4,20390,1798,18592,0.08818048062775871,0.06646585961643393,0.0003862497640919163,purpose,0.08504089386779665,0.018446973870226306,True,类别
5,9650,1085,8565,0.11243523316062176,0.3364181594528458,0.005241029846679144,purpose,0.040247406857490814,0.018446973870226306,True,类别
0,6204,303,5901,0.0488394584139265,-0.5666219973112935,0.006578069213746459,addr_state,0.025875120429416892,0.021831351396713505,True,类别
1,13333,792,12541,0.05940148503712593,-0.35967485977311775,0.00619755537834574,addr_state,0.055608152915121764,0.021831351396713505,True,类别
2,23119,1644,21475,0.07111034214282624,-0.1672348669998248,0.0025154185543552554,addr_state,0.09642277711278033,0.021831351396713505,True,类别
3,84471,6863,77608,0.08124681843472908,-0.023003546495978733,0.0001846471262740473,addr_state,0.3523045289802183,0.021831351396713505,True,类别
4,99526,8967,90559,0.0900970600647067,0.09007190421533837,0.003496616634755323,addr_state,0.4150946543936405,0.021831351396713505,True,类别
5,13114,1327,11787,0.101189568400183,0.2184458303421442,0.0028590444892366814,addr_state,0.05469476616882223,0.021831351396713505,True,类别
